Shubham,shubh@gmail.com,,9632587410
bhagatsinghji,bhagatsinghji@gmail.com,,9632587410
bhagatsinghji,bhagatsinghji@gmail.com,,9632587410
Name,Email,,9632587410
Shubham,shubh@gmail.com,,
bhagatsinghji,bhagatsinghji@gmail.com,,
dj,dj@bravo.com,,
Name,Email,,
Shubham,shubh@gmail.com,,
bhagatsinghji,bhagatsinghji@gmail.com,,
Name,Email,,
Shubham,shubh@gmail.com,,
bhagatsinghji,bhagatsinghji@gmail.com,,
dj,dj@bravo.com,,
ff,ff@gmail.com,,
Name,Email,,
Shubham,shubh@gmail.com,,
bhagatsinghji,bhagatsinghji@gmail.com,,
Name,Email,,
Shubham,shubh@gmail.com,,
bhagatsinghji,bhagatsinghji@gmail.com,,
dj,dj@bravo.com,,
Name,Email,,
Shubham,shubh@gmail.com,,
bhagatsinghji,bhagatsinghji@gmail.com,,
Name,Email,,
Shubham,shubh@gmail.com,,
bhagatsinghji,bhagatsinghji@gmail.com,,
dj,dj@bravo.com,,
ff,ff@gmail.com,,
tt,tt@railway.com,,
gg,gg@gmail.com,,
nn,nn@gmail.com,,
tj,tj@gmail.com,,
Shu,shu@gmail.com,,
jj,jj@gmail.com,,
tjj,tjj@gmail.com,"vijay nagar,Indore",
mm,mm@gmail.com,"saket,indore",9852013456
haan haan,haan@gmail.com,"lig,indore", 
kj,kj@gmail.com,"palasia,indore", 
kjklm,jklm@gmail.com,"regal,indore", 
ty,ty@gmail.com,"new palasia,indore", 
hhk,hhk@gmail.com,"lig,indore", 
nb,nb@gmail.com,"mig,indore",
las vegas,lasvegas@gmail.com,"rajwada,indore",
case1,case1@gmail.com,"lig,indore",
case2,case2@gmail.com,"lig,indore",9595632010
